Age group,Survival rate
0-9,0.612903225806
10-19,0.401960784314
20-29,0.35
30-39,0.437125748503
40-49,0.38202247191
50-59,0.416666666667
60-69,0.315789473684
70-79,0.0
80-89,1.0
