age_group,1,2,3
0-9,0.666666666667,1.0,0.452380952381
10-19,0.833333333333,0.5,0.257575757576
20-29,0.705882352941,0.415094339623,0.233082706767
30-39,0.78,0.395833333333,0.217391304348
40-49,0.594594594595,0.555555555556,0.0588235294118
50-59,0.555555555556,0.333333333333,0.0
60-69,0.307692307692,0.333333333333,0.333333333333
70-79,0.0,0.0,0.0
80-89,1.0,,
