Passenger class,Survival rate
1,0.655913978495
2,0.479768786127
3,0.239436619718
