Sex,Survival rate
female,0.754789272031
male,0.205298013245
