Sex,Passenger class,Survival rate
female,1,0.964705882353
female,2,0.918918918919
female,3,0.460784313725
male,1,0.39603960396
male,2,0.151515151515
male,3,0.150197628458
